Sample ID,Day,Batch,N-NO3 (mg per mL),N-NH4 (mg per mL)
Blank,1,A1,0.0479837,-0.4743721
Blank,1,A1,0.061724267,-0.4586284
Blank,1,A1,-0.008035533,-0.4638763
DCH_H3,1,A1,1.4041417,0.602338733
DCH_H8,1,A1,1.5929316,0.4562283
DCN_H8,1,A1,-0.0028245,0.0938074
DCN_P7,1,A1,0.5228898,0.566121667
DCS_P3,1,A1,0.50822605,-0.1074309
FNH_V2,1,A1,2.7175524,0.2776864
FNH_V5,1,A1,2.836947,0.2567296
FNS_H1,1,A1,5.2321235,-0.143982
MCH_P8,1,A1,-0.0067409,0.080898
MCN_H2,1,A1,0.1271535,0.121945333
MCN_H3,1,A1,-0.0213856,-0.149324
MCS_H8,1,A1,0.550050933,-0.1028534
SCH_H7,1,A1,0.2830768,0.2637057
SCH_P6,1,A1,1.0548016,0.075156433
SCH_V7,1,A1,0.220780172,0.045719078
SCH_V8,1,A1,0.281128,-0.06447675
SCN_H6,1,A1,-0.0245308,0.1571591
SCN_P2,1,A1,-0.0324356,0.0249032
SCS_H1,1,A1,2.0129314,-0.151438
SCS_H2,1,A1,0.4240666,-0.2288122
SCS_P5,1,A1,0.539468267,-0.0390395
UPH_H5,1,A1,0.0264472,-0.004106733
UPH_V6,1,A1,0.0229616,0.000426667
YFH_H5,1,A1,1.775866933,-0.1668925
YFN_H6,1,A1,0.0321292,0.552467
YFN_P2,1,A1,0.0004202,-0.1612474
YFN_P6,1,A1,0.046926733,0.85072265
Blank,31,A31,-0.111476,-0.292769
Blank,31,A31,-0.111476,-0.2731285
DCH_H3,31,A31,4.3584411,-0.01164275
DCH_H8,31,A31,4.22881755,0.612717
DCN_H8,31,A31,-0.1046271,0.0126516
DCN_P7,31,A31,-0.064036367,0.063669467
DCS_P3,31,A31,1.135444767,-0.102848333
FNH_V2,31,A31,5.7889277,-0.0047156
FNH_V5,31,A31,5.311507633,0.4647463
FNS_H1,31,A31,4.636553,-0.072410167
MCH_P8,31,A31,-0.098187833,-0.0357928
MCN_H2,31,A31,-0.059827667,-0.0751648
MCN_H3,31,A31,-0.074838167,-0.085664
MCS_H8,31,A31,1.526324,-0.0445603
SCH_H7,31,A31,2.3133248,-0.011077
SCH_P6,31,A31,2.719937333,-0.1064536
SCH_V7,31,A31,2.063679733,-0.02432375
SCH_V8,31,A31,0.343717067,-0.152375667
SCN_H6,31,A31,-0.1046655,0.1353738
SCN_P2,31,A31,-0.080187,-0.0663108
SCS_H1,31,A31,4.3830595,-0.1082904
SCS_H2,31,A31,2.4802641,-0.1210668
SCS_P5,31,A31,2.5852816,-0.1294588
UPH_H5,31,A31,-0.0778396,-0.099396
UPH_V6,31,A31,-0.045528333,-0.0652568
YFH_H5,31,A31,2.9503675,-0.19395
YFN_H6,31,A31,-0.054704,-0.0303005
YFN_P2,31,A31,-0.118946,-0.067796
YFN_P6,31,A31,-0.096536,-0.0410135
Blank,1,B1,-0.041858467,-0.2609575
Blank,1,B1,-0.0376306,-0.2714533
DCH_H6,1,B1,0.9762924,0.98697885
DCH_P1,1,B1,3.197412172,1.852341744
DCN_H2,1,B1,0.0231367,0.17575745
DCN_P4,1,B1,6.225700067,0.354637667
DCS_H2,1,B1,1.38285455,0.2101236
DCS_H4,1,B1,2.01241365,0.160777333
FNH_H2,1,B1,1.2752252,0.387049933
FNH_H3,1,B1,3.5685636,0.330292133
FNH_P1,1,B1,8.0414488,0.904749867
FNH_P2,1,B1,1.4765488,0.3879099
FNH_P4,1,B1,4.2666313,0.197857267
FNH_P5,1,B1,2.37265765,0.1944174
FNH_P6,1,B1,1.1833166,0.4420878
FNH_P8,1,B1,7.4921855,0.543563867
FNH_V3,1,B1,3.3849376,0.3178536
FNN_H4,1,B1,0.52559,2.1908676
FNN_H7,1,B1,0.0541344,1.2268548
FNN_P3,1,B1,-0.005052667,0.3361908
FNS_H4,1,B1,1.274023,0.0859175
FNS_H6,1,B1,2.2027275,0.240966
FNS_P3,1,B1,1.189403,0.167897167
FNS_P6,1,B1,1.6061565,0.14740225
FNS_P8,1,B1,1.295178,0.176808
MCH_P4,1,B1,-0.0527671,0.618082667
MCH_V2,1,B1,-0.0569513,0.114806667
MCN_P8,1,B1,0.867743367,0.2548732
MCS_H7,1,B1,3.2670034,0.82127365
SCH_H8,1,B1,1.508872,0.94408395
SCH_P3,1,B1,1.4250736,0.0929441
SCH_P5,1,B1,0.7157104,0.15431155
SCH_V1,1,B1,2.288392,0.2103427
SCN_H4,1,B1,-0.0146498,1.450028
SCN_P1,1,B1,-0.0601024,0.0896816
SCS_P1,1,B1,0.440896533,0.0767902
UPH_H2,1,B1,0.122778667,0.841633933
UPH_H8,1,B1,-0.025078933,0.306611033
UPH_P1,1,B1,1.3706072,2.15345125
UPH_P3,1,B1,0.010765333,0.576880333
UPH_P8,1,B1,0.689566133,0.4904677
UPH_V7,1,B1,0.504613867,8.068774667
YFH_H4,1,B1,0.844328933,0.05907025
YFH_H6,1,B1,2.206301733,0.2904345
YFH_P6,1,B1,2.585341333,0.277831
YFH_P7,1,B1,0.696567733,0.0311625
YFN_H3,1,B1,1.683111133,1.3763873
YFN_H4,1,B1,0.2540922,0.1728689
YFN_H5,1,B1,0.112458667,0.0259277
YFN_P3,1,B1,-0.1327576,0.0084347
Blank,31,B31,-0.129404,-0.29634
Blank,31,B31,-0.124922,-0.310624
DCH_H6,31,B31,3.8842086,0.099059333
DCH_P1,31,B31,10.0534465,0.2885813
DCN_H2,31,B31,-0.051121133,-0.113071
DCN_P4,31,B31,6.616829333,0.276851267
DCS_H2,31,B31,3.2164329,-0.0912062
DCS_H4,31,B31,4.0854436,-0.218750867
FNH_H2,31,B31,3.973267933,0.1691156
FNH_H3,31,B31,9.227346967,0.226861367
FNH_P1,31,B31,11.9848716,-0.011572767
FNH_P2,31,B31,3.8491403,0.057406051
FNH_P4,31,B31,9.1433985,-0.0152983
FNH_P5,31,B31,5.7927597,-0.14662335
FNH_P6,31,B31,5.3766673,-0.02368075
FNH_P8,31,B31,12.03597067,0.072251733
FNH_V3,31,B31,9.672479167,-0.081437
FNN_H4,31,B31,-0.022357733,0.09301285
FNN_H7,31,B31,-0.0803397,0.029372251
FNN_P3,31,B31,-0.0803397,-0.087435249
FNS_H4,31,B31,2.5091014,-0.084918
FNS_H6,31,B31,5.4420715,-0.15192425
FNS_P3,31,B31,1.3151685,-0.161751833
FNS_P6,31,B31,3.1039643,-0.113911615
FNS_P8,31,B31,1.8404107,-0.243946167
MCH_P4,31,B31,-0.109862667,0.001829333
MCH_V2,31,B31,-0.093184333,-0.073414933
MCN_P8,31,B31,-0.020104,0.1488791
MCS_H7,31,B31,3.46205,-0.1996768
SCH_H8,31,B31,5.717348,1.32154605
SCH_P3,31,B31,5.483566667,-0.147076967
SCH_P5,31,B31,3.299381067,-0.16208995
SCH_V1,31,B31,5.795831733,-0.088791267
SCN_H4,31,B31,-0.1014017,0.1362864
SCN_P1,31,B31,-0.1209845,-0.1155912
SCS_P1,31,B31,3.1730278,-0.0702174
UPH_H2,31,B31,-0.0778396,0.1287276
UPH_H8,31,B31,-0.0828205,-0.1816266
UPH_P1,31,B31,1.4934883,0.328399451
UPH_P3,31,B31,-0.0994235,-0.086133
UPH_P8,31,B31,-0.0462939,-0.1825108
UPH_V7,31,B31,5.084013733,0.5373794
YFH_H4,31,B31,-0.11375,-0.083142333
YFH_H6,31,B31,4.362735,-0.109919749
YFH_P6,31,B31,6.2060562,-0.114505349
YFH_P7,31,B31,1.3144525,-0.248501467
YFN_H3,31,B31,2.821246,-0.064225
YFN_H4,31,B31,-0.014366,0.07058025
YFN_H5,31,B31,-0.121934,-0.064225
YFN_P3,31,B31,-0.138368,-0.0588685
Blank,1,C1,-0.041858467,-0.2941942
Blank,1,C1,-0.041858467,-0.3064393
DCH_H7,1,C1,0.882456,3.3872388
DCH_P2,1,C1,4.870503,1.9296552
DCH_P6,1,C1,1.128218,0.632264967
DCH_P7,1,C1,2.9356858,1.23255
DCH_V1,1,C1,1.9146564,0.517841133
DCH_V8,1,C1,1.1192812,1.7448167
DCN_H1,1,C1,0.018809833,0.1043816
DCN_P2,1,C1,0.131308367,0.3000043
DCS_H1,1,C1,1.11675225,0.137866567
DCS_H7,1,C1,2.62899215,0.1149558
DCS_H8,1,C1,0.356305433,0.0990945
DCS_P2,1,C1,2.3431156,0.120460267
FNH_H5,1,C1,6.3849057,3.5353879
FNH_H6,1,C1,7.0939149,0.6897582
FNH_V4,1,C1,5.3809704,0.459312
FNH_V8,1,C1,2.7420436,0.4173984
FNN_H5,1,C1,0.143935467,3.6045784
FNN_H8,1,C1,-0.025462,0.153692
FNS_H5,1,C1,1.223251,0.21690675
FNS_P1,1,C1,5.11894425,0.21958
MCH_H1,1,C1,-0.0185475,1.3476915
MCH_H6,1,C1,-0.016432,0.347896
MCH_P2,1,C1,-0.0674118,0.170131333
MCH_P5,1,C1,-0.0109251,2.610663
MCH_V6,1,C1,-0.0569513,0.771564
MCN_H1,1,C1,-0.0967012,0.159423333
MCN_P4,1,C1,0.0394042,0.0778166
MCS_P1,1,C1,1.2965307,0.0742032
SCH_H3,1,C1,1.5293344,-0.02178635
SCH_H4,1,C1,1.2906064,-0.157862
SCH_V4,1,C1,1.3860976,0.139192033
SCN_P4,1,C1,0.24028,0.51434
SCN_P5,1,C1,0.724449,0.1598582
SCN_P8,1,C1,0.3311852,4.1329334
SCS_H6,1,C1,1.5485244,-0.02548
SCS_P2,1,C1,1.724569333,-0.081326533
SCS_P4,1,C1,2.8592644,0.1484943
UPH_P7,1,C1,-0.022838667,0.05748525
UPH_V2,1,C1,0.1713277,-0.067771333
UPH_V5,1,C1,0.09069395,-0.041541333
UPS_H3,1,C1,1.889364133,-0.177937333
UPS_P2,1,C1,2.34843895,-0.165696667
UPS_P6,1,C1,1.3389044,-0.183183333
YFH_P4,1,C1,0.334659867,-0.0876705
YFH_V2,1,C1,2.197735867,-0.03815675
YFN_H1,1,C1,-0.014377333,0.027677
YFN_P1,1,C1,-0.0122634,-0.217225
YFN_P8,1,C1,-0.0186052,-0.07290775
Blank,31,C31,-0.115958,-0.346334
Blank,31,C31,-0.106994,-0.324908
DCH_H7,31,C31,6.9888507,0.21153265
DCH_P2,31,C31,7.9752543,0.0335237
DCH_P6,31,C31,2.0715866,0.157510033
DCH_P7,31,C31,9.600291,0.17965045
DCH_V1,31,C31,4.74731175,0.0654059
DCH_V8,31,C31,5.15199015,0.0016415
DCN_H1,31,C31,-0.097246967,-0.058409
DCN_P2,31,C31,-0.097246967,-0.083917933
DCS_H1,31,C31,1.94059235,-0.140402
DCS_H7,31,C31,3.854814433,-0.0966724
DCS_H8,31,C31,-0.0382059,-0.1895978
DCS_P2,31,C31,4.2652626,-0.041377033
FNH_H5,31,C31,8.829504233,0.046173
FNH_H6,31,C31,11.20013593,0.144899633
FNH_V4,31,C31,10.585194,0.1669942
FNH_V8,31,C31,7.092806033,0.1067131
FNN_H5,31,C31,-0.106608333,0.2035282
FNN_H8,31,C31,-0.1146322,-0.044903
FNS_H5,31,C31,1.99820405,-0.034886667
FNS_P1,31,C31,6.4815214,0.013357833
MCH_H1,31,C31,-0.0531095,0.236712
MCH_H6,31,C31,-0.064144,0.022292
MCH_P2,31,C31,-0.106527,0.504041067
MCH_P5,31,C31,-0.093184333,0.019328
MCH_V6,31,C31,-0.09652,0.178565867
MCN_H1,31,C31,-0.083177333,-0.0699152
MCN_P4,31,C31,-0.059572,0.0375602
MCS_P1,31,C31,0.123416,-0.14766715
SCH_H3,31,C31,4.596867467,0.034845067
SCH_H4,31,C31,4.0491512,0.299780067
SCH_V4,31,C31,3.4154368,0.151416467
SCN_P4,31,C31,-0.1160888,-0.0069918
SCN_P5,31,C31,0.4942418,-0.0644856
SCN_P8,31,C31,1.1877993,0.7294764
SCS_H6,31,C31,4.4858692,-0.1082904
SCS_P2,31,C31,3.0103184,-0.1683636
SCS_P4,31,C31,6.6314327,-0.0056708
UPH_P7,31,C31,-0.074519,-0.1754372
UPH_V2,31,C31,-0.072159933,-0.0508224
UPH_V5,31,C31,-0.087126367,-0.101452149
UPS_H3,31,C31,5.0203938,-0.216818
UPS_P2,31,C31,5.561903,-0.0381923
UPS_P6,31,C31,3.2072257,-0.1699062
YFH_P4,31,C31,1.30729,-0.217816267
YFH_V2,31,C31,4.9501375,-0.182016867
YFN_H1,31,C31,-0.121934,0.0696875
YFN_P1,31,C31,-0.121934,-0.071367
YFN_P8,31,C31,-0.130898,-0.0910075
Blank,1,D1,-0.046086333,-0.2906956
Blank,1,D1,-0.0218742,-0.2898551
DCH_H5,1,D1,1.0880024,1.816991733
DCH_V5,1,D1,3.2540593,3.93911375
DCH_V7,1,D1,0.8891586,0.6938778
DCN_H3,1,D1,0.046934467,0.23391555
DCS_H3,1,D1,0.8603854,0.0039267
FNH_H1,1,D1,2.27309,0.295893467
FNH_P7,1,D1,3.12105625,0.435208067
FNN_H2,1,D1,-0.051994133,0.3466692
FNN_H3,1,D1,-0.023421067,0.3335712
FNN_P1,1,D1,0.2378184,0.3003896
FNN_P2,1,D1,-0.011175467,0.27594
FNN_P4,1,D1,0.835811867,0.6182344
FNN_P6,1,D1,0.437829867,0.3597672
FNN_P7,1,D1,0.0418888,0.5448856
FNN_P8,1,D1,0.658250667,0.2209284
MCH_H5,1,D1,-0.0227785,0.1500755
MCH_P7,1,D1,-0.0590434,0.157638667
MCH_V4,1,D1,-0.0464908,0.175485333
MCH_V5,1,D1,-0.0695039,-0.001196667
MCN_P3,1,D1,0.2206643,0.26300335
MCN_P6,1,D1,1.031462167,0.52858825
MCN_P7,1,D1,0.060843567,0.0958836
MCS_H2,1,D1,1.29945425,0.31720435
MCS_H5,1,D1,2.0391124,0.0055486
SCH_H1,1,D1,0.6260656,0.5465296
SCH_P2,1,D1,0.339592,0.190776267
SCH_V6,1,D1,3.1517104,0.162316
SCN_H3,1,D1,0.2560896,1.4743199
SCN_H5,1,D1,-0.075912,0.1202714
SCN_H8,1,D1,0.1869226,0.2219375
SCN_P6,1,D1,0.1888988,0.388382
SCS_H8,1,D1,0.6967822,0.0249032
SCS_P8,1,D1,2.519864,0.04093815
UPH_P5,1,D1,0.0802136,3.0001112
UPH_P6,1,D1,1.973238933,0.670647233
UPH_V3,1,D1,0.904557267,0.523278
UPH_V4,1,D1,0.562670167,0.059881333
UPS_H5,1,D1,0.534717133,0.00917
UPS_H8,1,D1,0.728238133,-0.17444
UPS_P1,1,D1,3.2225088,0.093106
UPS_P4,1,D1,1.43243955,-0.223402667
UPS_P7,1,D1,2.1516926,-0.137718
YFH_H2,1,D1,1.902213467,-0.1812965
YFH_H3,1,D1,0.542382133,-0.1236805
YFH_H8,1,D1,0.8336216,0.187806
YFH_P8,1,D1,1.0392024,0.061771
YFH_V4,1,D1,0.212596267,-0.006648
YFN_P7,1,D1,-0.0503142,0.1186406
Blank,31,D31,-0.104006,-0.321337
Blank,31,D31,-0.115958,-0.328479
DCH_H5,31,D31,3.35622975,0.9740486
DCH_V5,31,D31,8.6328567,0.7030499
DCH_V7,31,D31,3.0095131,0.8358924
DCN_H3,31,D31,-0.0880218,-0.000102867
DCS_H3,31,D31,1.1352353,-0.08574
FNH_H1,31,D31,7.22992095,0.053624067
FNH_P7,31,D31,6.152278133,0.204508167
FNN_H2,31,D31,-0.086548667,0.2765962
FNN_H3,31,D31,-0.014333867,0.2217952
FNN_P1,31,D31,0.671706733,0.5816551
FNN_P2,31,D31,-0.104602367,-0.0485564
FNN_P4,31,D31,0.4269788,0.0354718
FNN_P6,31,D31,-0.098584467,-0.1307579
FNN_P7,31,D31,0.2043165,0.36701785
FNN_P8,31,D31,0.013749667,-0.13167125
MCH_H5,31,D31,-0.0663509,-0.158178167
MCH_P7,31,D31,-0.113198333,0.0377016
MCH_V4,31,D31,-0.104859167,-0.0226688
MCH_V5,31,D31,-0.094852167,-0.150409067
MCN_P3,31,D31,-0.082894,-0.1978519
MCN_P6,31,D31,0.435572,-0.1011322
MCN_P7,31,D31,-0.095452,-0.1011322
MCS_H2,31,D31,4.349183,-0.0080623
MCS_H5,31,D31,2.56505,-0.123031
SCH_H1,31,D31,1.9351,-0.0428692
SCH_P2,31,D31,1.507614133,-0.067596467
SCH_V6,31,D31,7.278673333,-0.19918085
SCN_H3,31,D31,-0.1144569,-0.0535344
SCN_H5,31,D31,-0.1209845,-0.0261564
SCN_H8,31,D31,-0.0557085,-0.0946014
SCN_P6,31,D31,-0.1111931,-0.0097296
SCS_H8,31,D31,1.7361177,-0.0462336
SCS_P8,31,D31,3.5665189,-0.134764
UPH_P5,31,D31,0.0549844,-0.1312272
UPH_P6,31,D31,4.9661518,-0.0781752
UPH_V3,31,D31,0.7548992,-0.0454095
UPH_V4,31,D31,-0.0928734,-0.0345837
UPS_H5,31,D31,1.521297467,-0.1229944
UPS_H8,31,D31,1.590835533,-0.1771234
UPS_P1,31,D31,6.872769533,-0.1771234
UPS_P4,31,D31,10.18100607,0.2721473
UPS_P7,31,D31,4.400469333,-0.0418009
YFH_H2,31,D31,3.6723475,-0.226339933
YFH_H3,31,D31,2.312905,-0.124055933
YFH_H8,31,D31,3.68524,-0.0712092
YFH_P8,31,D31,2.71687,-0.277481933
YFH_V4,31,D31,0.08107,-0.245092
YFN_P7,31,D31,-0.12791,0.09647
Blank,1,E1,-0.0007472,-0.258820467
Blank,1,E1,-0.0155361,-0.218658
DCH_H2,1,E1,0.4289134,0.327721533
DCH_P5,1,E1,0.7774486,0.3770118
DCH_P8,1,E1,1.0142738,1.6972868
DCH_V4,1,E1,1.8029464,0.394615467
DCN_H4,1,E1,0.1789039,0.523824867
DCN_H6,1,E1,1.3341773,0.943268133
DCN_P3,1,E1,-0.0028245,0.35551885
DCS_P5,1,E1,0.8528833,0.206456933
DCS_P8,1,E1,2.4678487,0.3105129
FNH_H4,1,E1,2.95036885,7.302901867
FNH_H7,1,E1,2.2752783,0.247735333
FNH_H8,1,E1,1.25662465,0.2614948
FNH_P3,1,E1,2.4109529,0.7748949
FNH_V1,1,E1,1.427682533,0.3056288
FNH_V6,1,E1,2.3103862,0.4313696
FNN_H6,1,E1,0.5500812,0.3877096
MCH_H3,1,E1,-0.00797,0.472647667
MCH_H8,1,E1,-0.012201,0.29175775
MCH_P3,1,E1,-0.0318461,0.179054667
MCH_P6,1,E1,-0.0276619,0.276319
MCH_V1,1,E1,-0.0527671,0.107668
MCN_H4,1,E1,-0.0151093,0.134438
MCN_H5,1,E1,0.033009,0.121053
MCN_H6,1,E1,1.4179792,0.345921
MCS_H6,1,E1,0.8346098,0.00283855
MCS_P2,1,E1,1.4544024,1.0552413
MCS_P6,1,E1,2.947361933,-0.04594235
MCS_P8,1,E1,6.071662367,0.1789918
SCH_H2,1,E1,1.172704,0.2476968
SCH_H5,1,E1,1.469896,0.1836612
SCH_P7,1,E1,1.6608784,-0.04313155
SCH_P8,1,E1,0.2168176,0.107174233
SCH_V5,1,E1,0.0823504,-0.0031093
SCS_H4,1,E1,1.5208576,-0.016483
SCS_H7,1,E1,1.317309,-0.0938572
SCS_P3,1,E1,2.7416504,0.019794633
UPH_H3,1,E1,0.682845333,1.211185833
UPH_P2,1,E1,0.0062848,0.0216332
UPH_P4,1,E1,1.043528267,0.6283602
UPH_V1,1,E1,0.083168133,0.530272667
UPH_V8,1,E1,-0.004991433,0.11409
UPS_P3,1,E1,1.192688533,-0.093127
UPS_P5,1,E1,0.366998933,-0.2269
UPS_P8,1,E1,0.949712167,-0.177937333
YFH_P1,1,E1,2.109935733,0.05366875
YFH_P2,1,E1,1.5531544,-0.093072
YFH_P3,1,E1,0.7501044,-0.024653
YFH_V7,1,E1,2.628170667,0.1247885
Blank,31,E31,-0.095498,-0.324043482
Blank,31,E31,-0.0866752,-0.368092867
DCH_H2,31,E31,0.7142278,-0.0568092
DCH_P5,31,E31,2.1432484,-0.0621229
DCH_P8,31,E31,4.3120717,2.77273605
DCH_V4,31,E31,5.60725335,0.9793623
DCN_H4,31,E31,0.052200733,-0.0720745
DCN_H6,31,E31,2.932297767,-0.0638752
DCN_P3,31,E31,-0.112007233,-0.2114626
DCS_P5,31,E31,3.075384333,-0.0767696
DCS_P8,31,E31,5.4916402,-0.033925967
FNH_H4,31,E31,8.0799483,5.653264018
FNH_H7,31,E31,5.270819233,-0.039514267
FNH_H8,31,E31,3.45771485,-0.086083433
FNH_P3,31,E31,5.865758367,0.0349964
FNH_V1,31,E31,4.7658847,-0.0960506
FNH_V6,31,E31,5.5602475,0.02177155
FNN_H6,31,E31,-0.106608333,-0.0357695
MCH_H3,31,E31,-0.0751785,0.020505167
MCH_H8,31,E31,-0.093913033,-0.012678449
MCH_P3,31,E31,-0.109862667,-0.068165333
MCH_P6,31,E31,-0.0884837,0.458445135
MCH_V1,31,E31,-0.093184333,0.028077333
MCN_H4,31,E31,-0.094852167,-0.151284
MCN_H5,31,E31,-0.0915165,-0.087413867
MCN_H6,31,E31,1.124334,-0.0489168
MCS_H6,31,E31,2.261864,-0.232525
MCS_P2,31,E31,6.594374,-0.2179258
MCS_P6,31,E31,5.726078,-0.2161009
MCS_P8,31,E31,9.12212,-0.0810583
SCH_H2,31,E31,3.5306576,-0.0534666
SCH_H5,31,E31,3.855446667,-0.03492115
SCH_P7,31,E31,4.879074933,-0.1806354
SCH_P8,31,E31,1.045896,-0.17798605
SCH_V5,31,E31,1.0484008,0.0684035
SCS_H4,31,E31,4.0028268,-0.100077
SCS_H7,31,E31,2.5129021,-0.2314914
SCS_P3,31,E31,6.9286264,-0.0604912
UPH_H3,31,E31,0.3870444,-0.125922
UPH_P2,31,E31,-0.1044044,0.0173184
UPH_P4,31,E31,0.3123309,-0.0251232
UPH_V1,31,E31,-0.075119,-0.0598439
UPH_V8,31,E31,-0.089914333,-0.018345
UPS_P3,31,E31,1.9511019,-0.1428417
UPS_P5,31,E31,-0.0662418,-0.0887127
UPS_P8,31,E31,2.1397424,-0.1554718
YFH_P1,31,E31,5.9672125,0.034484267
YFH_P2,31,E31,4.6865575,-0.146217467
YFH_P3,31,E31,1.35886,-0.195654733
YFH_V7,31,E31,3.72749875,-0.219521
Blank,1,F1,-0.0007472,-0.2405648
Blank,1,F1,0.0077036,-0.273425
DCH_V6,1,F1,3.0730891,0.36380905
DCN_H7,1,F1,2.601949233,2.9012575
DCN_P5,1,F1,0.8668757,5.0266717
DCN_P6,1,F1,0.397410667,0.23920265
DCN_P8,1,F1,0.030753506,-0.010348522
DCS_H6,1,F1,5.4620081,0.166064433
DCS_P1,1,F1,3.0586897,0.1479792
DCS_P4,1,F1,1.51265575,0.12734
FNH_V7,1,F1,3.2257448,0.4034272
FNN_H1,1,F1,0.227613733,0.3964416
FNS_H3,1,F1,1.130169,0.1073035
FNS_H7,1,F1,2.285232,0.21156025
FNS_P4,1,F1,3.846471,0.593835
FNS_P7,1,F1,2.835262,-0.05041825
MCH_H4,1,F1,0.0364555,0.25967875
MCH_V8,1,F1,0.0288248,0.458355
MCS_H1,1,F1,1.195180967,0.1302109
MCS_P3,1,F1,0.750801367,0.03535915
MCS_P4,1,F1,1.2672952,0.0236156
MCS_P5,1,F1,1.74383385,0.0922702
SCH_H6,1,F1,3.7246576,0.1569797
SCH_P4,1,F1,1.9590448,3.3000604
SCH_V2,1,F1,2.0408944,1.185106833
SCH_V3,1,F1,2.7863104,0.2210153
SCN_H1,1,F1,-0.0027926,0.0968792
SCN_H2,1,F1,0.0070884,0.1166726
SCN_H7,1,F1,-0.0027926,0.1571591
SCS_H3,1,F1,0.5920436,-0.0740638
UPH_H4,1,F1,0.004044533,-0.0059453
YFH_H7,1,F1,1.8294036,-0.02735375
YFH_P5,1,F1,1.2961784,-0.078668
YFH_V3,1,F1,1.204095333,-0.0948725
YFH_V5,1,F1,0.940694933,0.0311625
YFH_V8,1,F1,1.3732712,0.05817
YFN_H7,1,F1,0.0955472,0.26820575
YFN_P4,1,F1,0.002534133,0.0189305
YFN_P5,1,F1,0.101889,-0.1367572
Blank,31,F31,-0.0884656,-0.3988555
Blank,31,F31,-0.0974176,-0.3988555
DCH_V6,31,F31,8.3082709,0.02555315
DCN_H7,31,F31,4.1906105,0.597535
DCN_P5,31,F31,-0.053193033,0.096341885
DCN_P6,31,F31,-0.062191333,-0.144046133
DCN_P8,31,F31,-0.0640517,-0.029810215
DCS_H6,31,F31,6.8142479,-0.0119463
DCS_P1,31,F31,5.4005723,-0.113911615
DCS_P4,31,F31,3.062609567,-0.013435533
FNH_V7,31,F31,8.149950467,0.1852612
FNN_H1,31,F31,-0.092566567,-0.0850904
FNS_H3,31,F31,2.2288251,-0.095639
FNS_H7,31,F31,3.5684134,-0.0152315
FNS_P4,31,F31,7.4415229,0.451132
FNS_P7,31,F31,5.2125539,-0.1867675
MCH_H4,31,F31,-0.0442819,0.011571
MCH_V8,31,F31,-0.088180833,0.038576533
MCS_H1,31,F31,2.150636,-0.0974824
MCS_P3,31,F31,2.618038967,-0.065631182
MCS_P4,31,F31,2.785712,-0.1850776
MCS_P5,31,F31,2.373092,-0.1796029
SCH_H6,31,F31,8.689710667,0.2485593
SCH_P4,31,F31,8.308981067,1.347156433
SCH_V2,31,F31,5.9978856,-0.081726333
SCH_V3,31,F31,6.5539512,-0.0693627
SCN_H1,31,F31,-0.0720275,-0.0152052
SCN_H2,31,F31,-0.0834508,-0.0717864
SCN_H7,31,F31,-0.1014017,-0.045321
SCS_H3,31,F31,1.796498,-0.0991644
UPH_H4,31,F31,-0.0346718,-0.0039024
YFH_H7,31,F31,3.89152,-0.164969533
YFH_P5,31,F31,3.0334525,-0.164969533
YFH_V3,31,F31,3.16452625,-0.2144068
YFH_V5,31,F31,2.25775375,-0.231454133
YFH_V8,31,F31,4.73311375,-0.1121228
YFN_H7,31,F31,-0.12044,0.12950175
YFN_P4,31,F31,-0.106994,0.0911135
YFN_P5,31,F31,-0.093548,-0.067796
MCH_H2,1,G1,-0.024894,0.274827167
Blank,1,G1,-0.0366631,-0.2405648
Blank,1,G1,-0.030325,-0.2077046
DCH_H1,1,G1,2.3827213,0.426302067
DCH_H4,1,G1,0.737233,0.523122233
DCH_P3,1,G1,1.1907756,0.65955065
DCH_P4,1,G1,2.3525596,0.63314515
DCH_V2,1,G1,1.8051806,2.424318233
DCH_V3,1,G1,2.7055632,0.442145367
DCN_H5,1,G1,0.0555882,0.308816133
DCN_P1,1,G1,0.0166464,0.134341833
DCS_H5,1,G1,0.163759867,0.213648333
DCS_P6,1,G1,2.2052527,0.1428194
DCS_P7,1,G1,2.82563575,0.244295467
FNN_P5,1,G1,0.0235204,0.2619688
FNS_H2,1,G1,1.43797425,0.141164667
FNS_H8,1,G1,0.8361145,0.265916333
FNS_P2,1,G1,2.839493,0.162550667
FNS_P5,1,G1,0.2987775,0.314034833
MCH_H7,1,G1,-0.024894,0.1821545
MCH_P1,1,G1,-0.03080005,0.091606
MCH_V3,1,G1,-0.0527671,0.048774
MCH_V7,1,G1,-0.0109251,0.608267
MCN_H7,1,G1,0.6020602,0.399461
MCN_H8,1,G1,0.8447438,0.762640667
MCN_P1,1,G1,0.251848833,2.1735886
MCN_P2,1,G1,1.306275867,0.1302109
MCN_P5,1,G1,0.099824233,0.2042856
MCS_H3,1,G1,1.138659,0.0778166
MCS_H4,1,G1,2.96587775,0.2729402
MCS_P7,1,G1,2.9804955,-0.0179385
SCH_P1,1,G1,0.6533488,0.33574575
SCN_P3,1,G1,0.1888988,0.748262
SCN_P7,1,G1,0.1355414,0.5512277
SCS_H5,1,G1,0.891302839,-0.063301256
SCS_P6,1,G1,0.7926184,-0.11350145
SCS_P7,1,G1,1.4310944,0.1871042
UPH_H1,1,G1,1.838822933,1.46950445
UPH_H6,1,G1,0.3490456,0.1595257
UPH_H7,1,G1,0.189986667,1.1799302
UPS_H1,1,G1,1.31632695,-0.198921333
UPS_H2,1,G1,3.747165733,-0.09575
UPS_H4,1,G1,2.3194108,-0.20067
UPS_H6,1,G1,0.4938627,-0.120231333
UPS_H7,1,G1,0.382050567,-0.072143
YFH_H1,1,G1,0.4802796,-0.125481
YFH_V1,1,G1,1.4278786,-0.175895
YFH_V6,1,G1,2.798356172,-0.007233656
YFN_H2,1,G1,0.9326648,1.4988383
YFN_H8,1,G1,0.0194456,-0.08865145
Blank,31,G31,-0.0866752,-0.397045933
Blank,31,G31,-0.0920464,0.104204033
DCH_H1,31,G31,7.619053,0.074262067
DCH_H4,31,G31,2.3961724,0.0122689
DCH_P3,31,G31,6.7717576,0.12119975
DCH_P4,31,G31,5.1614748,0.010497667
DCH_V2,31,G31,6.7928346,-0.0993188
DCH_V3,31,G31,8.1312241,0.1132292
DCN_H5,31,G31,-0.0935569,-0.1759323
DCN_P1,31,G31,-0.086176767,-0.149512333
DCS_H5,31,G31,1.02730085,0.0427157
DCS_P6,31,G31,4.4404594,-0.136378133
DCS_P7,31,G31,5.8201342,-0.050690867
FNN_P5,31,G31,-0.092566567,0.0117247
FNS_H2,31,G31,2.8754468,-0.099212667
FNS_H8,31,G31,2.0699283,-0.1117205
FNS_P2,31,G31,3.2086887,-0.0688365
FNS_P5,31,G31,0.0925459,-0.1438835
MCH_H2,31,G31,-0.0531095,-0.081344333
MCH_H7,31,G31,-0.0509026,-0.0902785
MCH_P1,31,G31,-0.073170333,0.007078933
MCH_V3,31,G31,-0.054824167,-0.1486592
MCH_V7,31,G31,-0.054824167,0.320305067
MCN_H7,31,G31,1.3489323,0.002895885
MCN_H8,31,G31,-0.078173833,-0.062915733
MCN_P1,31,G31,0.0983,1.8204875
MCN_P2,31,G31,1.540676,-0.1157314
MCN_P5,31,G31,-0.005752,-0.0901828
MCS_H3,31,G31,0.998888,-0.0993073
MCS_H4,31,G31,4.360844,-0.1668286
MCS_P7,31,G31,3.101249633,-0.060958882
SCH_P1,31,G31,2.557960267,-0.092323733
SCN_P3,31,G31,-0.0721957,0.322169718
SCN_P7,31,G31,-0.0508128,-0.0371076
SCS_H5,31,G31,2.2893318,-0.0991644
SCS_P6,31,G31,0.569822967,-0.082762949
SCS_P7,31,G31,2.9654903,-0.170132
UPH_H1,31,G31,3.0551003,0.023142518
UPH_H6,31,G31,-0.0197291,-0.1471428
UPH_H7,31,G31,-0.0595763,-0.0914382
UPS_H1,31,G31,3.4580066,-0.2005793
UPS_H2,31,G31,7.1800363,-0.023580482
UPS_H4,31,G31,3.9906386,-0.1879492
UPS_H6,31,G31,0.279969,-0.0490181
UPS_H7,31,G31,1.601192267,-0.2925986
YFH_H1,31,G31,3.06067,-0.171788467
YFH_V1,31,G31,4.604905,-0.241682533
YFH_V6,31,G31,6.2909575,-0.200768933
YFN_H2,31,G31,2.117572,0.3660805
YFN_H8,31,G31,-0.08309,-0.03654975