"","X","unique.id","CO2CperHourperg","Sample_ID","Year"
"1",1,"01_1",1.79194743314288,"UPH_H8",2021
"2",2,"01_2",2.05249769057965,"UPH_V8",2021
"3",3,"01_3",3.10512059670883,"FNH_P2",2021
"4",4,"02_1",1.19704008031546,"UPH_H8",2021
"5",5,"02_2",2.26192379231014,"UPH_V8",2021
"6",6,"02_3",3.681146286801,"FNH_P2",2021
"7",7,"03_1",1.79428923915914,"UPH_P2",2021
"8",8,"03_2",2.16071599386147,"UPH_P5",2021
"9",9,"03_3",1.88871816995202,"FNN_P3",2021
"10",10,"04_1",1.49701671781509,"UPH_P2",2021
"11",11,"04_2",1.81597377360069,"UPH_P5",2021
"12",12,"04_3",1.93795887758324,"FNN_P3",2021
"13",13,"05_1",1.07170372633053,"UPS_P5",2021
"14",14,"05_2",1.97219238742974,"UPS_P2",2021
"15",15,"05_3",2.65705998119292,"FNH_V5",2021
"16",16,"06_1",1.44916102184396,"UPS_P5",2021
"17",17,"06_2",1.85916018393857,"UPS_P2",2021
"18",18,"06_3",2.55428184042398,"FNH_V5",2021
"19",19,"07_1",1.38596248908934,"YFH_H3",2021
"20",20,"07_2",2.65142793342702,"UPH_P8",2021
"21",21,"07_3",3.36157783974533,"FNN_P2",2021
"22",22,"08_1",1.38597025115894,"YFH_H3",2021
"23",23,"08_2",2.57069803333677,"UPH_P8",2021
"24",24,"08_3",2.3771831059034,"FNN_P2",2021
"25",25,"09_1",2.11433038746409,"DCH_P1",2021
"26",26,"09_2",2.89167680350647,"YFN_P6",2021
"27",27,"09_3",1.89070159969503,"SCH_P3",2021
"28",28,"10_1",2.20720939001239,"DCH_P1",2021
"29",29,"10_2",3.02334167389558,"YFN_P6",2021
"30",30,"10_3",1.79270677840716,"SCH_P3",2021
"31",31,"11_1",1.55693675857346,"FNH_P8",2021
"32",32,"11_2",3.46179233399446,"YFH_H6",2021
"33",33,"11_3",1.92380334569298,"MCH_V1",2021
"34",34,"12_1",1.59449173372365,"FNH_P8",2021
"35",35,"12_2",3.2364541255488,"YFH_H6",2021
"36",36,"12_3",1.88815693496636,"MCH_V1",2021
"37",37,"13_1",1.78670018635916,"FNH_H5",2021
"38",38,"13_2",3.61454727649883,"FNH_V8",2021
"39",39,"13_3",1.78252049463386,"YFH_P4",2021
"40",40,"14_1",1.52726618476519,"FNH_H5",2021
"41",41,"14_2",2.96959936698974,"FNH_V8",2021
"42",42,"14_3",1.72277607278404,"YFH_P4",2021
"43",43,"15_1",1.50939538810843,"UPH_V5",2021
"44",44,"15_2",2.91598831135394,"UPH_P7",2021
"45",45,"15_3",2.77845643304116,"YFN_H5",2021
"46",46,"16_1",1.62345728383046,"UPH_V5",2021
"47",47,"16_2",2.58311779871287,"UPH_P7",2021
"48",48,"16_3",2.52089941263828,"YFN_H5",2021
"49",49,"17_1",3.8700398051696,"FNH_P1",2021
"50",50,"17_2",2.62963787464469,"UPH_P3",2021
"51",51,"17_3",1.88522939425026,"FNS_P3",2021
"52",52,"18_1",2.27979241952243,"FNH_P1",2021
"53",53,"18_2",1.92850224855091,"UPH_P3",2021
"54",54,"18_3",2.27754860105449,"FNS_P3",2021
"55",55,"19_1",1.37231736137061,"FNN_H5",2021
"56",56,"19_2",2.2848830096921,"UPS_P7",2021
"57",57,"19_3",2.30589739074159,"UPH_V4",2021
"58",58,"20_1",1.69976827880542,"FNN_H5",2021
"59",59,"20_2",2.41156804826342,"UPS_P7",2021
"60",60,"20_3",2.37710297686129,"UPH_V4",2021
"61",61,"21_1",1.20680932311541,"FNH_P4",2021
"62",62,"21_2",1.87172482073446,"UPS_H5",2021
"63",63,"21_3",2.76255295680713,"UPH_V3",2021
"64",64,"22_1",1.14543660185476,"FNH_P4",2021
"65",65,"22_2",1.86195798570484,"UPS_H5",2021
"66",66,"22_3",2.83557584431626,"UPH_V3",2021
"67",67,"23_1",1.18194382931675,"FNS_P8",2021
"68",68,"23_2",3.03492850225868,"UPH_P6",2021
"69",69,"23_3",3.04651432781993,"UPH_P1",2021
"70",70,"24_1",1.27266333543264,"FNS_P8",2021
"71",71,"24_2",3.60815657825711,"UPH_P6",2021
"72",72,"24_3",2.7992107406714,"UPH_P1",2021
"73",73,"25_1",1.31436410694997,"UPH_H5",2021
"74",74,"25_2",1.83553361374368,"DCN_P7",2021
"75",75,"25_3",1.87590801983364,"MCS_H2",2021
"76",76,"26_1",1.19166833656888,"UPH_H5",2021
"77",77,"26_2",1.92798998219991,"DCN_P7",2021
"78",78,"26_3",2.55138200960874,"MCS_H2",2021
"79",79,"27_1",1.86221531422673,"DCH_P2",2021
"80",80,"27_2",2.68772825043714,"DCS_H7",2021
"81",81,"27_3",2.36860972355666,"FNN_P1",2021
"82",82,"28_1",2.17752159755636,"DCH_P2",2021
"83",83,"28_2",2.95859457767787,"DCS_H7",2021
"84",84,"28_3",2.19299525592328,"FNN_P1",2021
"85",85,"29_1",2.51893730176741,"FNS_P1",2021
"86",86,"29_2",3.07784521681006,"FNH_H3",2021
"87",87,"29_3",1.60588855120633,"FNS_H4",2021
"88",88,"30_1",2.38964197721863,"FNS_P1",2021
"89",89,"30_2",2.92213583323251,"FNH_H3",2021
"90",90,"30_3",1.67229783591788,"FNS_H4",2021
"91",91,"31_1",1.50312535699144,"FNH_V2",2021
"92",92,"31_2",2.25460233092104,"YFN_P1",2021
"93",93,"31_3",2.15464262341754,"FNH_V4",2021
"94",94,"32_1",1.44175459484271,"FNH_V2",2021
"95",95,"32_2",1.7819404862283,"YFN_P1",2021
"96",96,"32_3",2.29885590090431,"FNH_V4",2021
"97",97,"33_1",1.80463825043396,"DCH_P6",2021
"98",98,"33_2",1.81218870908973,"FNS_H6",2021
"99",99,"33_3",2.53189755368873,"UPH_V6",2021
"100",100,"34_1",1.83373316199067,"DCH_P6",2021
"101",101,"34_2",1.61587991984084,"FNS_H6",2021
"102",102,"34_3",2.56083728907972,"UPH_V6",2021
"103",103,"35_1",1.55723310029174,"DCN_H1",2021
"104",104,"35_2",1.80617477088754,"FNS_H5",2021
"105",105,"35_3",1.70954283807778,"DCS_H4",2021
"106",106,"36_1",1.37712786781203,"DCN_H1",2021
"107",107,"36_2",1.78667731250508,"FNS_H5",2021
"108",108,"36_3",1.71966921817159,"DCS_H4",2021
"109",109,"37_1",1.3568239916115,"DCN_H8",2021
"110",110,"37_2",2.34717360217425,"DCS_H2",2021
"111",111,"37_3",3.53634702019595,"DCH_P7",2021
"112",112,"38_1",1.35665683172009,"DCN_H8",2021
"113",113,"38_2",2.21878478226514,"DCS_H2",2021
"114",114,"38_3",3.52552756692511,"DCH_P7",2021
"115",115,"39_1",2.31375287971022,"DCH_H6",2021
"116",116,"39_2",2.67681151225799,"DCH_H7",2021
"117",117,"39_3",3.7456858763012,"DCH_H5",2021
"118",118,"40_1",2.22758102685232,"DCH_H6",2021
"119",119,"40_2",3.11973926046662,"DCH_H7",2021
"120",120,"40_3",3.07864919373877,"DCH_H5",2021
"121",121,"41_1",1.52343515969617,"DCN_H2",2021
"122",122,"41_2",3.03960220119663,"FNN_H8",2021
"123",123,"41_3",2.4197125947236,"YFH_P6",2021
"124",124,"42_1",1.82046957920712,"DCN_H2",2021
"125",125,"42_2",3.28078730667933,"FNN_H8",2021
"126",126,"42_3",2.37893538820078,"YFH_P6",2021
"127",127,"43_1",1.06712998860445,"DCS_H1",2021
"128",128,"43_2",3.16342985305695,"FNH_H1",2021
"129",129,"43_3",1.5878766301854,"UPS_H3",2021
"130",130,"44_1",1.12326033110479,"DCS_H1",2021
"131",131,"44_2",4.09456492338267,"FNH_H1",2021
"132",132,"44_3",1.79321609395397,"UPS_H3",2021
"133",133,"45_1",1.19417672329974,"DCS_P2",2021
"134",134,"45_2",2.19230810279365,"FNH_H6",2021
"135",135,"45_3",2.42608633838298,"UPS_H8",2021
"136",136,"46_1",1.31222850389171,"DCS_P2",2021
"137",137,"46_2",2.3533813562335,"FNH_H6",2021
"138",138,"46_3",2.65745290998241,"UPS_H8",2021
"139",139,"47_1",1.41067355000634,"DCH_V8",2021
"140",140,"47_2",2.09241566630075,"FNH_H2",2021
"141",141,"47_3",1.74709593205346,"UPS_P6",2021
"142",142,"48_1",1.83418242358272,"DCH_V8",2021
"143",143,"48_2",1.75046226458323,"FNH_H2",2021
"144",144,"48_3",1.78173984511019,"UPS_P6",2021
"145",145,"01_4",3.05488099801362,"FNH_P6",2021
"146",146,"01_5",1.95005950252011,"MCH_V2",2021
"147",147,"02_4",2.91346637294543,"FNH_P6",2021
"148",148,"02_5",1.64802171425464,"MCH_V2",2021
"149",149,"03_4",1.63115886681759,"MCH_P2",2021
"150",150,"03_5",2.46455476207503,"MCS_H7",2021
"151",151,"04_4",1.52884201099548,"MCH_P2",2021
"152",152,"04_5",2.60844821900472,"MCS_H7",2021
"153",153,"05_4",1.61326364916349,"MCN_H1",2021
"154",154,"05_5",2.0087612291623,"SCH_V7",2021
"155",155,"06_4",1.63742004700581,"MCN_H1",2021
"156",156,"06_5",1.98564664421704,"SCH_V7",2021
"157",157,"07_4",1.81433134572793,"SCN_H7",2021
"158",158,"07_5",1.80005111450315,"MCH_P8",2021
"159",159,"08_4",2.06636958732997,"SCN_H7",2021
"160",160,"08_5",1.68791131351536,"MCH_P8",2021
"161",161,"09_4",1.99816721011417,"FNN_H7",2021
"162",162,"09_5",1.58908367033365,"MCN_P3",2021
"163",163,"10_4",1.83655267778474,"FNN_H7",2021
"164",164,"10_5",1.55179443115623,"MCN_P3",2021
"165",165,"11_4",2.66962283481955,"MCN_P4",2021
"166",166,"11_5",1.98367146616325,"YFH_P8",2021
"167",167,"12_4",2.64496802266984,"MCN_P4",2021
"168",168,"12_5",1.53218755100272,"YFH_P8",2021
"169",169,"13_4",1.54539068557836,"FNN_H2",2021
"170",170,"13_5",1.92931575048781,"MCS_H8",2021
"171",171,"14_4",1.74556280180496,"FNN_H2",2021
"172",172,"14_5",2.03740429626254,"MCS_H8",2021
"173",173,"15_4",2.08184878934457,"MCH_V5",2021
"174",174,"15_5",2.14979382069123,"DCH_V5",2021
"175",175,"16_4",2.17989493506936,"MCH_V5",2021
"176",176,"16_5",2.16855623271606,"DCH_V5",2021
"177",177,"17_4",1.88281504016525,"MCH_P5",2021
"178",178,"17_5",1.8656981675776,"MCN_P6",2021
"179",179,"18_4",1.74085958097019,"MCH_P5",2021
"180",180,"18_5",1.98325249549726,"MCN_P6",2021
"181",181,"19_4",1.95798946477374,"FNN_H4",2021
"182",182,"19_5",1.38837177498629,"DCS_H3",2021
"183",183,"20_4",1.91442078593103,"FNN_H4",2021
"184",184,"20_5",1.33321233777303,"DCS_H3",2021
"185",185,"21_4",2.48436803573264,"MCS_P1",2021
"186",186,"21_5",1.7184874470269,"DCN_P2",2021
"187",187,"22_4",3.3981694814027,"MCS_P1",2021
"188",188,"22_5",1.77064516085585,"DCN_P2",2021
"189",189,"23_4",1.87055137160915,"FNS_P6",2021
"190",190,"23_5",2.40563211474946,"DCH_V1",2021
"191",191,"24_4",1.86498071472628,"FNS_P6",2021
"192",192,"24_5",2.34561612321985,"DCH_V1",2021
"193",193,"25_4",2.2167426551711,"DCN_P4",2021
"194",194,"25_5",2.3967752776189,"YFN_H3",2021
"195",195,"26_4",2.42060704325639,"DCN_P4",2021
"196",196,"26_5",2.48110345908145,"YFN_H3",2021
"197",197,"27_4",2.16597044765875,"MCH_P4",2021
"198",198,"27_5",1.89111943058026,"SCH_V8",2021
"199",199,"28_4",2.28354361340793,"MCH_P4",2021
"200",200,"28_5",1.77606378656271,"SCH_V8",2021
"201",201,"29_4",1.82166152853613,"SCH_P6",2021
"202",202,"29_5",2.354615729516,"YFN_P2",2021
"203",203,"30_4",2.06951202519883,"SCH_P6",2021
"204",204,"30_5",1.73080814788479,"YFN_P2",2021
"205",205,"31_4",1.6876697181795,"FNN_P6",2021
"206",206,"31_5",2.17845067028329,"MCN_P7",2021
"207",207,"32_4",1.68453217974415,"FNN_P6",2021
"208",208,"32_5",1.92569973574356,"MCN_P7",2021
"209",209,"33_4",2.26896103015237,"UPH_V2",2021
"210",210,"33_5",1.39416746477197,"DCS_P3",2021
"211",211,"34_4",1.87066582821021,"UPH_V2",2021
"212",212,"34_5",2.62016978202112,"DCS_P3",2021
"213",213,"35_4",2.40097568305221,"FNS_H1",2021
"214",214,"35_5",1.95100102775219,"MCN_H2",2021
"215",215,"36_4",2.23056692026436,"FNS_H1",2021
"216",216,"36_5",2.18628920185352,"MCN_H2",2021
"217",217,"37_4",2.04043930235236,"FNN_P7",2021
"218",218,"37_5",2.03378115154795,"SCH_H8",2021
"219",219,"38_4",2.17408098647121,"FNN_P7",2021
"220",220,"38_5",2.03527703592411,"SCH_H8",2021
"221",221,"39_4",3.07775109533101,"SCS_P5",2021
"222",222,"39_5",1.64633478524014,"FNH_P5",2021
"223",223,"40_4",2.3922538525185,"SCS_P5",2021
"224",224,"40_5",1.53178634927559,"FNH_P5",2021
"225",225,"41_4",2.46831428027131,"DCH_H8",2021
"226",226,"41_5",1.84448563063475,"MCH_P7",2021
"227",227,"42_4",2.58533460053284,"DCH_H8",2021
"228",228,"42_5",1.91263123856021,"MCH_P7",2021
"229",229,"43_4",2.23100424168152,"MCH_V4",2021
"230",230,"43_5",1.91458011704406,"YFH_V2",2021
"231",231,"44_4",2.14158970449286,"MCH_V4",2021
"232",232,"44_5",1.68804702579734,"YFH_V2",2021
"233",233,"45_5",1.26998815052358,"UPS_P4",2021
"234",234,"46_4",2.68105693953641,"MCH_H8",2021
"235",235,"46_5",1.5501407208316,"UPS_P4",2021
"236",236,"47_4",2.00032565734916,"UPH_H2",2021
"237",237,"47_5",2.31417123624931,"SCN_P6",2021
"238",238,"48_4",2.19615763696617,"UPH_H2",2021
"239",239,"48_5",2.55347010943695,"SCN_P6",2021
"240",240,"01_6",1.47499100868708,"YFN_P3",2021
"241",241,"02_6",1.57163479765392,"YFN_P3",2021
"242",242,"03_6",3.09477603621061,"FNH_P7",2021
"243",243,"04_6",3.78004419056308,"FNH_P7",2021
"244",244,"05_6",1.28333212742605,"YFN_P4",2021
"245",245,"06_6",1.38297684872025,"YFN_P4",2021
"246",246,"07_6",1.12940093478559,"FNS_P4",2021
"247",247,"08_6",1.10773321614316,"FNS_P4",2021
"248",248,"09_6",1.98687304133371,"MCH_H6",2021
"249",249,"10_6",2.3138924904449,"MCH_H6",2021
"250",250,"11_6",1.40634653313216,"DCN_H3",2021
"251",251,"12_6",1.53930090716238,"DCN_H3",2021
"252",252,"13_6",1.69840129705017,"MCH_H1",2021
"253",253,"14_6",2.05540757414163,"MCH_H1",2021
"254",254,"15_6",1.79916141585917,"SCH_V1",2021
"255",255,"16_6",1.64359556996,"SCH_V1",2021
"256",256,"17_6",1.44699157807142,"SCN_P1",2021
"257",257,"18_6",1.5921732696886,"SCN_P1",2021
"258",258,"19_6",0.804891833152779,"MCS_P2",2021
"259",259,"20_6",0.887500384338788,"MCS_P2",2021
"260",260,"21_6",1.48758410079197,"UPH_V7",2021
"261",261,"22_6",1.49020274695859,"UPH_V7",2021
"262",262,"23_6",1.07883407408559,"YFH_P7",2021
"263",263,"24_6",1.05399876516833,"YFH_P7",2021
"264",264,"25_6",1.16894068337999,"DCS_H8",2021
"265",265,"26_6",1.33780749273374,"DCS_H8",2021
"266",266,"27_6",1.4728855867415,"MCH_V6",2021
"267",267,"28_6",1.66970773175226,"MCH_V6",2021
"268",268,"29_6",1.83420593638114,"SCS_H8",2021
"269",269,"30_6",1.86671044078102,"SCS_H8",2021
"270",270,"31_6",1.34575662023808,"SCN_P2",2021
"271",271,"32_6",1.24987509750321,"SCN_P2",2021
"272",272,"33_6",1.65707414614715,"SCH_P5",2021
"273",273,"34_6",1.48587470097124,"SCH_P5",2021
"274",274,"35_6",1.63143025503816,"FNH_V3",2021
"275",275,"36_6",1.501746971147,"FNH_V3",2021
"276",276,"37_6",1.88871622871514,"FNH_V7",2021
"277",277,"38_6",1.71227963430742,"FNH_V7",2021
"278",278,"39_6",1.50030893399648,"FNS_P7",2021
"279",279,"40_6",1.57373127262653,"FNS_P7",2021
"280",280,"41_6",1.45807846616241,"UPS_P8",2021
"281",281,"42_6",1.34358828653315,"UPS_P8",2021
"282",282,"43_6",1.03972827190044,"FNS_H2",2021
"283",283,"44_6",1.09202592715818,"FNS_H2",2021
"284",284,"45_6",1.76265112835629,"FNN_H3",2021
"285",285,"46_6",1.957954255423,"FNN_H3",2021
"286",286,"47_6",3.1304746898752,"SCN_H1",2021
"287",287,"48_6",2.44919449058112,"SCN_H1",2021
"288",288,"01_7",1.32951131079773,"FNH_P3",2021
"289",289,"02_7",1.46048303767398,"FNH_P3",2021
"290",290,"03_7",1.51705016526632,"DCN_P8",2021
"291",291,"04_7",1.94003946522727,"DCN_P8",2021
"292",292,"05_7",1.32031353890441,"MCH_H3",2021
"293",293,"06_7",1.43964924312153,"MCH_H3",2021
"294",294,"07_7",2.02100985613528,"UPH_V1",2021
"295",295,"08_7",1.97873269191823,"UPH_V1",2021
"296",296,"09_7",1.70204769130853,"DCN_H4",2021
"297",297,"10_7",1.21064590042729,"DCN_H4",2021
"298",298,"11_7",1.43813621035161,"MCN_H6",2021
"299",299,"12_7",1.58695350715158,"MCN_H6",2021
"300",300,"13_7",2.17165476308207,"DCH_P8",2021
"301",301,"14_7",2.19659473092349,"DCH_P8",2021
"302",302,"15_7",1.39206663603974,"UPH_H4",2021
"303",303,"16_7",1.70205501152216,"UPH_H4",2021
"304",304,"17_7",1.46348795869241,"DCS_P5",2021
"305",305,"18_7",1.54271589631346,"DCS_P5",2021
"306",306,"19_7",1.15681228849301,"FNS_H8",2021
"307",307,"20_7",1.05684665151734,"FNS_H8",2021
"308",308,"21_7",1.42895850520076,"MCN_H5",2021
"309",309,"22_7",2.08327992053599,"MCN_H5",2021
"310",310,"24_7",1.68914691830185,"FNH_H4",2021
"311",311,"25_7",1.17249003991185,"YFH_V5",2021
"312",312,"26_7",1.31509751177267,"YFH_V5",2021
"313",313,"27_7",1.62829669273832,"SCS_H1",2021
"314",314,"28_7",1.58908474761692,"SCS_H1",2021
"315",315,"29_7",2.09450767136726,"DCN_H6",2021
"316",316,"30_7",1.91701524933397,"DCN_H6",2021
"317",317,"31_7",1.57499632650978,"SCN_H2",2021
"318",318,"32_7",1.47190234607078,"SCN_H2",2021
"319",319,"33_7",1.75834385366424,"YFH_V8",2021
"320",320,"34_7",1.64764726755025,"YFH_V8",2021
"321",321,"35_7",1.84518095655725,"SCH_V2",2021
"322",322,"36_7",2.92322771516072,"SCH_V2",2021
"323",323,"37_7",1.69602915540487,"DCS_P1",2021
"324",324,"38_7",1.45321941848716,"DCS_P1",2021
"325",325,"39_7",2.17824198880932,"DCH_H3",2021
"326",326,"40_7",1.88348753718798,"DCH_H3",2021
"327",327,"41_7",1.90990236878896,"MCS_P5",2021
"328",328,"42_7",1.79205085651131,"MCS_P5",2021
"329",329,"43_7",2.09714368691496,"MCH_V8",2021
"330",330,"44_7",2.03165252354613,"MCH_V8",2021
"331",331,"45_7",1.37006820351393,"YFH_H5",2021
"332",332,"46_7",1.19553606851189,"YFH_H5",2021
"333",333,"47_7",2.62908942402242,"DCH_H2",2021
"334",334,"48_7",2.60727488095502,"DCH_H2",2021
"335",335,"01_8",1.49411061025468,"MCN_P8",2021
"336",336,"01_9",1.74345635492128,"MCH_V3",2021
"337",337,"02_8",1.5384716295675,"MCN_P8",2021
"338",338,"02_9",1.92441270849288,"MCH_V3",2021
"339",339,"03_8",1.73669844447113,"YFH_H4",2021
"340",340,"03_9",1.4866699820661,"MCN_H8",2021
"341",341,"04_8",1.70278863548652,"YFH_H4",2021
"342",342,"04_9",2.01877725550864,"MCN_H8",2021
"343",343,"05_8",1.6166040639635,"YFH_H8",2021
"344",344,"05_9",1.97457262155015,"MCN_P5",2021
"345",345,"06_8",1.24894423388392,"YFH_H8",2021
"346",346,"06_9",2.241261906072,"MCN_P5",2021
"347",347,"07_8",0.905732793593106,"YFH_H2",2021
"348",348,"07_9",1.28936764958383,"SCS_H5",2021
"349",349,"08_8",0.97101462371136,"YFH_H2",2021
"350",350,"08_9",1.45638360631884,"SCS_H5",2021
"351",351,"09_8",1.96501497581518,"YFN_H6",2021
"352",352,"09_9",1.62689684449893,"SCS_P6",2021
"353",353,"10_8",1.6571598935499,"YFN_H6",2021
"354",354,"10_9",1.76093382572438,"SCS_P6",2021
"355",355,"11_8",1.75358220518284,"YFN_H4",2021
"356",356,"11_9",1.23921778915347,"UPS_H4",2021
"357",357,"12_8",1.69284378011103,"YFN_H4",2021
"358",358,"12_9",1.04993331417634,"UPS_H4",2021
"359",359,"13_9",2.6477672548579,"UPS_H6",2021
"360",360,"14_8",2.10158852762136,"YFN_H1",2021
"361",361,"14_9",2.84697109737785,"UPS_H6",2021
"362",362,"15_8",1.75552284041294,"SCN_H3",2021
"363",363,"15_9",3.02758774130576,"UPH_H7",2021
"364",364,"16_8",1.84891215029947,"SCN_H3",2021
"365",365,"16_9",2.05582199458029,"UPH_H7",2021
"366",366,"17_8",1.63627769933109,"SCH_H1",2021
"367",367,"17_9",1.82695094885327,"DCS_H6",2021
"368",368,"18_8",1.96311394496257,"SCH_H1",2021
"369",369,"18_9",1.64063976271184,"DCS_H6",2021
"370",370,"19_8",2.12853487166889,"SCH_H4",2021
"371",371,"19_9",1.33078214871244,"DCS_P4",2021
"372",372,"20_8",2.07357307611163,"SCH_H4",2021
"373",373,"20_9",1.45605437222208,"DCS_P4",2021
"374",374,"21_8",1.5572868586874,"SCH_P7",2021
"375",375,"21_9",1.79078168263248,"MCH_H7",2021
"376",376,"22_8",1.53099072102659,"SCH_P7",2021
"377",377,"22_9",2.11561810993924,"MCH_H7",2021
"378",378,"23_8",1.76399766810454,"SCH_V4",2021
"379",379,"23_9",2.18779308250714,"MCH_P3",2021
"380",380,"24_8",1.92300664216333,"SCH_V4",2021
"381",381,"24_9",2.13912052394875,"MCH_P3",2021
"382",382,"25_8",1.954676279508,"SCH_V6",2021
"383",383,"25_9",1.77429993406403,"MCS_H1",2021
"384",384,"26_8",1.80681119972558,"SCH_V6",2021
"385",385,"26_9",1.65574976950398,"MCS_H1",2021
"386",386,"27_8",1.72272224256142,"SCN_H4",2021
"387",387,"27_9",1.90305920161263,"SCH_P4",2021
"388",388,"28_8",1.97054332646509,"SCN_H4",2021
"389",389,"28_9",1.85000550918905,"SCH_P4",2021
"390",390,"29_8",1.50838673761222,"SCS_P2",2021
"391",391,"29_9",1.34369658021889,"YFH_V3",2021
"392",392,"30_8",1.43155063617886,"SCS_P2",2021
"393",393,"30_9",1.47947797941764,"YFH_V3",2021
"394",394,"31_8",1.9541556872388,"SCS_P4",2021
"395",395,"31_9",1.92648503507656,"YFN_P5",2021
"396",396,"32_8",1.90075796486038,"SCS_P4",2021
"397",397,"32_9",2.11919153025504,"YFN_P5",2021
"398",398,"33_8",1.73758657762127,"DCH_V2",2021
"399",399,"33_9",2.20913476966031,"MCH_P6",2021
"400",400,"34_8",2.02794915469334,"DCH_V2",2021
"401",401,"34_9",2.81518610541503,"MCH_P6",2021
"402",402,"35_8",2.01395199755102,"FNN_H1",2021
"403",403,"35_9",2.03834804430286,"MCN_H7",2021
"404",404,"36_8",1.82062231143471,"FNN_H1",2021
"405",405,"36_9",2.02420193834547,"MCN_H7",2021
"406",406,"37_8",2.61646489380521,"MCS_H3",2021
"407",407,"37_9",2.17689325739651,"SCH_H5",2021
"408",408,"38_8",2.02263171147198,"MCS_H3",2021
"409",409,"38_9",2.05817426568896,"SCH_H5",2021
"410",410,"39_8",1.3823333196265,"MCS_H4",2021
"411",411,"39_9",1.63921385857859,"SCH_V3",2021
"412",412,"40_8",1.34599890492597,"MCS_H4",2021
"413",413,"40_9",1.83485034005729,"SCH_V3",2021
"414",414,"41_8",1.74243857068872,"MCS_P7",2021
"415",415,"41_9",1.85426979184185,"SCS_P1",2021
"416",416,"42_8",1.72368478652651,"MCS_P7",2021
"417",417,"42_9",1.45096863279947,"SCS_P1",2021
"418",418,"43_8",1.99553288343536,"SCN_P8",2021
"419",419,"43_9",1.61088244912517,"SCS_P7",2021
"420",420,"44_8",1.94394456951108,"SCN_P8",2021
"421",421,"44_9",1.82472241652078,"SCS_P7",2021
"422",422,"45_8",1.87663887389683,"UPH_H1",2021
"423",423,"45_9",1.53364755226425,"YFH_H1",2021
"424",424,"46_8",1.70537702819898,"UPH_H1",2021
"425",425,"46_9",1.44597463654337,"YFH_H1",2021
"426",426,"47_8",1.75783859648029,"UPH_H6",2021
"427",427,"47_9",2.10199963121357,"YFN_H8",2021
"428",428,"48_8",1.45829787265582,"UPH_H6",2021
"429",429,"48_9",2.34829702748397,"YFN_H8",2021
"430",430,"01_10",2.30310976480379,"DCH_V6",2021
"431",431,"01_11",1.63090411002595,"YFN_H7",2021
"432",432,"02_10",3.14659545575552,"DCH_V6",2021
"433",433,"02_11",2.07169933030441,"YFN_H7",2021
"434",434,"03_10",2.38165220458836,"FNN_P5",2021
"435",435,"03_11",1.50643465830528,"FNS_H7",2021
"436",436,"04_10",2.3349085699583,"FNN_P5",2021
"437",437,"04_11",1.47213299391229,"FNS_H7",2021
"438",438,"05_10",2.35285856912175,"MCN_H4",2021
"439",439,"05_11",1.42715165031102,"FNN_P8",2021
"440",440,"06_10",2.37896913085165,"MCN_H4",2021
"441",441,"06_11",1.62727500999835,"FNN_P8",2021
"442",442,"07_10",1.76098670755227,"MCS_P6",2021
"443",443,"07_11",1.47432250248968,"SCS_P8",2021
"444",444,"08_10",1.52885580083197,"MCS_P6",2021
"445",445,"08_11",1.01057981745677,"SCS_P8",2021
"446",446,"09_10",1.38455527436634,"SCH_H3",2021
"447",447,"09_11",2.04056195148742,"DCH_P4",2021
"448",448,"10_10",1.52158935802343,"SCH_H3",2021
"449",449,"10_11",2.29988093145358,"DCH_P4",2021
"450",450,"11_10",2.45760536595362,"SCN_P3",2021
"451",451,"11_11",1.55434521361727,"FNN_P4",2021
"452",452,"12_10",2.01974683406799,"SCN_P3",2021
"453",453,"12_11",1.52395167220459,"FNN_P4",2021
"454",454,"13_10",1.33459129907947,"SCS_H2",2021
"455",455,"13_11",1.53042191144701,"UPS_P3",2021
"456",456,"14_10",1.38902252860803,"SCS_H2",2021
"457",457,"14_11",1.30500007246594,"UPS_P3",2021
"458",458,"15_10",2.07733491441862,"YFH_P1",2021
"459",459,"15_11",2.41908741257364,"DCH_V7",2021
"460",460,"16_10",1.9788265838161,"YFH_P1",2021
"461",461,"16_11",2.66692227715095,"DCH_V7",2021
"462",462,"17_10",2.22505564071491,"MCS_H5",2021
"463",463,"17_11",1.48724814041666,"YFH_P3",2021
"464",464,"18_10",1.91475536956087,"MCS_H5",2021
"465",465,"18_11",1.48143130444244,"YFH_P3",2021
"466",466,"19_10",1.32627801537269,"SCS_H7",2021
"467",467,"19_11",2.62514072949089,"FNH_V6",2021
"468",468,"20_10",0.86096518960822,"SCS_H7",2021
"469",469,"20_11",3.27826737869839,"FNH_V6",2021
"470",470,"21_10",1.61508490452685,"SCH_P2",2021
"471",471,"21_11",2.52809227475175,"FNH_H8",2021
"472",472,"22_10",1.69406110545401,"SCH_P2",2021
"473",473,"22_11",2.44971963846406,"FNH_H8",2021
"474",474,"23_10",1.89134018710328,"YFN_P8",2021
"475",475,"23_11",1.97480428601576,"FNH_H7",2021
"476",476,"24_10",2.07266697504711,"YFN_P8",2021
"477",477,"24_11",1.77886315320108,"FNH_H7",2021
"478",478,"25_10",1.56722865444246,"SCN_H6",2021
"479",479,"25_11",1.51334462603087,"FNH_V1",2021
"480",480,"26_10",1.42709693326284,"SCN_H6",2021
"481",481,"26_11",1.49988922261322,"FNH_V1",2021
"482",482,"27_10",1.35242378722355,"YFH_V4",2021
"483",483,"27_11",1.42761586089375,"YFH_P2",2021
"484",484,"28_10",1.33288284556274,"YFH_V4",2021
"485",485,"28_11",1.32289151032043,"YFH_P2",2021
"486",486,"29_10",1.55336646157269,"MCS_P3",2021
"487",487,"29_11",2.24105866737475,"MCS_P8",2021
"488",488,"30_10",1.69973465941152,"MCS_P3",2021
"489",489,"30_11",2.09310857735659,"MCS_P8",2021
"490",490,"31_10",1.90134045408786,"SCH_H7",2021
"491",491,"31_11",1.85504473081296,"DCN_P5",2021
"492",492,"32_10",1.80959038175506,"SCH_H7",2021
"493",493,"32_11",1.5785184834425,"DCN_P5",2021
"494",494,"33_10",1.70391510761502,"SCN_P4",2021
"495",495,"33_11",4.47929333728437,"DCH_P3",2021
"496",496,"34_10",1.76539099469901,"SCN_P4",2021
"497",497,"34_11",4.07121494564718,"DCH_P3",2021
"498",498,"35_10",2.2449487890112,"SCN_H8",2021
"499",499,"35_11",2.09197355540398,"DCH_P5",2021
"500",500,"36_10",1.96897238591848,"SCN_H8",2021
"501",501,"36_11",2.02775655373428,"DCH_P5",2021
"502",502,"37_10",1.8211999034398,"SCN_P5",2021
"503",503,"37_11",2.10773517547001,"FNN_H6",2021
"504",504,"38_10",2.0517454794843,"SCN_P5",2021
"505",505,"38_11",1.98091160268158,"FNN_H6",2021
"506",506,"39_10",1.21510960171123,"SCS_H6",2021
"507",507,"39_11",1.80390904283008,"MCH_H5",2021
"508",508,"40_10",1.248233737524,"SCS_H6",2021
"509",509,"40_11",1.69597933443972,"MCH_H5",2021
"510",510,"41_10",1.65546311411591,"MCN_H3",2021
"511",511,"41_11",2.10159936003923,"SCS_H4",2021
"512",512,"42_10",1.49514973923835,"MCN_H3",2021
"513",513,"42_11",1.76405749686701,"SCS_H4",2021
"514",514,"43_10",2.10445081305737,"SCH_H2",2021
"515",515,"43_11",1.40208951248158,"SCS_P3",2021
"516",516,"44_10",2.05388040695747,"SCH_H2",2021
"517",517,"44_11",1.5060735158163,"SCS_P3",2021
"518",518,"45_10",1.86178988607102,"MCH_H4",2021
"519",519,"45_11",1.67425120832833,"UPH_P4",2021
"520",520,"46_10",2.06758972250322,"MCH_H4",2021
"521",521,"46_11",1.71850349453691,"UPH_P4",2021
"522",522,"47_10",2.03200581358719,"DCN_P3",2021
"523",523,"47_11",1.59941920563581,"YFH_P5",2021
"524",524,"48_10",2.6828291293792,"DCN_P3",2021
"525",525,"48_11",1.85265781428994,"YFH_P5",2021
"526",526,"01_12",1.84198414460386,"DCH_H4",2021
"527",527,"01_13",1.29472921527755,"UPS_H7",2021
"528",528,"02_12",2.13232678463531,"DCH_H4",2021
"529",529,"02_13",1.40856648065378,"UPS_H7",2021
"530",530,"03_12",1.92550471723481,"DCS_P7",2021
"531",531,"03_13",1.67765603813301,"YFH_V6",2021
"532",532,"04_12",1.66093416940247,"DCS_P7",2021
"533",533,"04_13",1.61956596611956,"YFH_V6",2021
"534",534,"05_12",1.35060781725652,"MCS_H6",2021
"535",535,"05_13",2.03186192279905,"FNS_P5",2021
"536",536,"06_12",1.26508851814455,"MCS_H6",2021
"537",537,"06_13",1.69910884211356,"FNS_P5",2021
"538",538,"07_12",1.64580919872634,"SCH_P8",2021
"539",539,"07_13",1.9664837472003,"MCN_P2",2021
"540",540,"08_12",1.63499370604957,"SCH_P8",2021
"541",541,"08_13",2.01598639891385,"MCN_P2",2021
"542",542,"09_12",1.7073754725589,"SCH_V5",2021
"543",543,"09_13",2.37227393249989,"DCN_H5",2021
"544",544,"10_12",1.78250012745333,"SCH_V5",2021
"545",545,"10_13",1.81678008789341,"DCN_H5",2021
"546",546,"11_12",1.54828502250637,"SCN_H5",2021
"547",547,"11_13",1.71957661547865,"DCS_P6",2021
"548",548,"12_12",1.56158849255592,"SCN_H5",2021
"549",548,"12_12",1.56158849255592,"DCS_P6",2021
"550",549,"12_39",1.51325578135834,"MCN_P1",2021
"551",550,"12_40",1.8565488183256,"MCN_P1",2021
"552",551,"13_12",1.33645911675766,"UPS_P1",2021
"553",552,"13_13",1.92685412876222,"YFN_H2",2021
"554",553,"14_12",1.3174469445382,"UPS_P1",2021
"555",554,"14_13",2.27654919036544,"YFN_H2",2021
"556",555,"15_12",2.58501740971309,"YFH_V7",2021
"557",556,"15_13",1.85559796519082,"SCH_P1",2021
"558",557,"16_12",3.13647829885326,"YFH_V7",2021
"559",558,"16_13",2.11232883213312,"SCH_P1",2021
"560",559,"17_12",1.47505931309292,"DCH_V4",2021
"561",560,"17_13",1.40975555397641,"SCS_H3",2021
"562",561,"18_12",1.6177354600325,"DCH_V4",2021
"563",562,"18_13",1.41404139864624,"SCS_H3",2021
"564",563,"19_12",1.71254415301115,"DCN_H7",2021
"565",564,"19_13",2.12552624404561,"SCN_P7",2021
"566",565,"20_12",1.49413061645588,"DCN_H7",2021
"567",566,"20_13",1.7690405921985,"SCN_P7",2021
"568",567,"21_12",2.54038746571811,"DCS_P8",2021
"569",568,"21_13",1.67711421753492,"MCH_P1",2021
"570",569,"22_12",2.21929166457375,"DCS_P8",2021
"571",570,"22_13",2.04891976984145,"MCH_P1",2021
"572",571,"23_12",1.5612708343381,"FNS_H3",2021
"573",572,"23_13",2.12364668739532,"DCN_P1",2021
"574",573,"24_12",1.51291287159188,"FNS_H3",2021
"575",574,"24_13",2.04351650430468,"DCN_P1",2021
"576",575,"25_12",2.19254884398005,"MCH_H2",2021
"577",576,"25_13",3.2212024215688,"DCH_H1",2021
"578",577,"26_12",2.34034508508725,"MCH_H2",2021
"579",578,"26_13",3.6201580206327,"DCH_H1",2021
"580",579,"27_12",1.71710479669392,"SCH_H6",2021
"581",580,"27_13",1.44136634996277,"MCH_V7",2021
"582",581,"28_12",1.67377760856986,"SCH_H6",2021
"583",582,"28_13",1.99446670095252,"MCH_V7",2021
"584",583,"29_12",1.95034488992551,"UPH_H3",2021
"585",584,"29_13",2.02236979643443,"YFH_V1",2021
"586",585,"30_12",1.66139563457897,"UPH_H3",2021
"587",586,"30_13",2.0027846701228,"YFH_V1",2021
"588",587,"31_12",1.81415414097562,"YFN_P7",2021
"589",588,"31_13",3.09988834954292,"DCH_V3",2021
"590",589,"32_12",1.89415821458122,"YFN_P7",2021
"591",590,"32_13",3.25305882453031,"DCH_V3",2021
"592",591,"33_12",2.24512989043238,"DCN_P6",2021
"593",592,"33_13",1.80241404733682,"YFN_H1",2021
"594",593,"34_12",1.91927599439773,"DCN_P6",2021
"595",594,"35_12",1.85763476338609,"DCS_H5",2021
"596",595,"36_12",1.87209228576051,"DCS_H5",2021
"597",596,"37_12",1.78749514458759,"FNS_P2",2021
"598",597,"38_12",1.62735277228004,"FNS_P2",2021
"599",598,"41_12",1.5979742577367,"MCS_P4",2021
"600",599,"42_12",1.28050861308813,"MCS_P4",2021
"601",600,"43_12",1.51295233748443,"UPS_H1",2021
"602",601,"44_12",1.613110582914,"UPS_H1",2021
"603",602,"45_12",1.76132590606631,"UPS_H2",2021
"604",603,"46_12",1.62135514014261,"UPS_H2",2021
"605",604,"47_12",1.83135051220413,"YFH_H7",2021
"606",605,"48_12",1.80599841960946,"YFH_H7",2021
